user_id,age,gender
vis-NAJF,18,man
vis-0YLT,18,man
vis-S14U,18,man
vis-Q269,18,woman
vis-363F,18,woman
vis-MNLD,18,woman
vis-1OPK,18,woman
vis-QINY,18,woman
vis-AJO2,18,man
vis-OP34,18,man
vis-54RG,18,woman
vis-5Y31,18,man
vis-5C70,18,woman
vis-IH73,18,woman
vis-7417,18,man
vis-006V,18,woman
vis-PER6,18,man
vis-RJMT,18,man
vis-6G6N,18,woman
vis-AR5V,18,woman
vis-06QQ,18,woman
vis-PM6V,18,woman
vis-E2OL,18,woman
vis-LY35,18,woman
vis-QF13,18,woman
vis-QL6W,18,woman
vis-GD4Y,18,woman
vis-36PV,18,woman
vis-QB2V,18,woman
vis-6C1N,18,woman
vis-4C7M,18,woman
vis-7VQ0,18,woman
vis-3GNF,18,woman
vis-POKC,18,man
vis-4RM1,18,man
vis-4FM5,18,man
vis-NFOS,18,man
vis-PU32,18,man
vis-QMMM,18,woman
vis-RXNA,18,woman
vis-0Q1O,18,man
vis-NALM,18,man
vis-8Q5I,18,man
vis-6V6P,18,woman
vis-9UNP,18,man
vis-QPPE,18,man
vis-2I0B,18,woman
vis-RBMT,18,woman
vis-3C18,18,woman
vis-E5H3,18,man
vis-E1PA,18,woman
vis-346X,18,woman
vis-9X4A,18,woman
vis-11KU,18,man
vis-MO9Y,18,man
vis-MQCC,18,woman
vis-MD37,18,woman
vis-NY1S,18,man
vis-8LPB,18,man
vis-PK2W,18,man
vis-5V5M,18,woman
vis-MHBS,18,man
vis-ORR7,18,woman
vis-OH64,18,woman
vis-4UN1,18,woman
vis-DSN9,18,woman
vis-MB9L,18,man
vis-MTFY,18,woman
vis-0ULM,18,man
vis-00QZ,18,woman
vis-S808,18,woman
vis-LN48,18,man
vis-1DQO,18,woman
vis-0Z6E,18,man
vis-42LS,18,woman
vis-QE2F,18,man
vis-ODMB,18,man
vis-QIMX,18,man
vis-QG20,18,woman
vis-37S5,18,man
vis-MS0F,18,woman
vis-RB1Q,18,woman
vis-A7RO,18,woman
vis-S3QP,18,woman
vis-RUQ0,18,woman
vis-O9B8,18,man
vis-9F14,19,woman
vis-BGNT,19,man
vis-QJRC,19,woman
vis-0K42,19,man
vis-C614,19,man
vis-PERQ,19,man
vis-2001,19,woman
vis-0QJJ,19,woman
vis-1459,19,woman
vis-PT6N,19,man
vis-6JPV,19,woman
vis-QMMF,19,woman
vis-2302,19,woman
vis-4135,19,man
vis-1U73,19,woman
vis-045G,19,man
vis-318J,19,man
vis-N12S,19,woman
vis-5H0O,19,man
vis-RFPX,19,woman
vis-CQS2,19,woman
vis-0Y3S,19,woman
vis-MKPX,19,man
vis-ML3I,19,woman
vis-MZQJ,19,man
vis-SBQ7,19,woman
vis-B1QP,19,man
vis-RD8E,19,woman
vis-ODRM,19,woman
vis-1X06,19,woman
vis-PVMV,19,woman
vis-PG1R,19,man
vis-1RPQ,19,woman
vis-Q1O0,19,woman
vis-SDMQ,19,woman
vis-LK2T,19,man
vis-0TPK,19,man
vis-3O06,19,woman
vis-PI2C,19,woman
vis-LES3,19,woman
vis-P71H,19,woman
vis-1NRJ,19,man
vis-2S28,19,woman
vis-0S0E,19,woman
vis-1JOE,19,woman
vis-OBR4,19,woman
vis-QULP,19,woman
vis-MNGD,19,woman
vis-3QFC,19,man
vis-1352,19,man
vis-4G0A,19,man
vis-RZ62,19,woman
vis-7DLJ,19,woman
vis-5C83,19,man
vis-6ZRN,19,woman
vis-4NQZ,19,woman
vis-NA1O,19,man
vis-RCPR,19,woman
vis-M80U,19,woman
vis-1W4T,19,woman
vis-ALRE,19,woman
vis-0VRA,19,woman
vis-1XPK,19,man
vis-QL6A,19,woman
vis-0A5G,19,woman
vis-1S2J,19,woman
vis-6GQS,19,man
vis-PXS5,19,woman
vis-PNPE,19,woman
vis-1ARL,19,man
vis-RF05,19,woman
vis-OXNH,19,man
vis-2G51,19,man
vis-104H,19,man
vis-4Q24,19,man
vis-3HQN,19,man
vis-374K,19,woman
vis-3K5E,19,man
vis-QR3F,19,man
vis-5VQX,19,woman
vis-LS4Q,19,man
vis-NKK1,19,man
vis-L181,19,woman
vis-H032,20,woman
vis-LG5B,20,woman
vis-NJFO,20,man
vis-ML32,20,man
vis-350I,20,woman
vis-8LNH,20,woman
vis-DU52,20,man
vis-O1NR,20,woman
vis-Q33C,20,man
vis-0FNJ,20,man
vis-5VSA,20,man
vis-3CQ8,20,woman
vis-1Q3I,20,woman
vis-231D,20,man
vis-232X,20,man
vis-DMPA,20,woman
vis-8O6X,20,man
vis-RVK3,20,man
vis-NK0W,20,man
vis-2P1B,20,woman
vis-179V,20,woman
vis-MS7O,20,woman
vis-O4S9,20,man
vis-Q03U,20,woman
vis-3BHP,20,woman
vis-5TLY,20,woman
vis-QIM2,20,man
vis-PQ72,20,woman
vis-MFQH,20,woman
vis-S402,20,woman
vis-3Q67,20,woman
vis-P3O9,20,woman
vis-NQS0,20,man
vis-8C03,20,woman
vis-LHLU,20,woman
vis-3G5M,20,woman
vis-5TDB,20,woman
vis-10S9,20,woman
vis-QEI4,20,woman
vis-A4PJ,20,woman
vis-MUQX,20,man
vis-Q42T,20,man
vis-2167,20,woman
vis-NS21,20,woman
vis-R4OT,20,man
vis-G6N3,20,woman
vis-09QC,20,woman
vis-MV5F,20,woman
vis-QE7D,20,man
vis-30S5,20,man
vis-L30T,20,woman
vis-R82B,20,woman
vis-8653,20,man
vis-2M1S,20,woman
vis-5F6N,20,woman
vis-5T38,20,man
vis-LL0Q,20,woman
vis-9ONB,20,woman
vis-MT6H,20,woman
vis-RK5J,20,woman
vis-RHLU,20,woman
vis-9LI8,20,woman
vis-1E71,20,man
vis-3E31,20,man
vis-1ONH,20,woman
vis-IHRX,20,woman
vis-0H15,20,woman
vis-06MS,20,man
vis-QH2A,20,woman
vis-7M37,20,woman
vis-42OV,20,woman
vis-Q2GV,20,woman
vis-FR03,20,woman
vis-2MS5,20,woman
vis-NV2Z,20,woman
vis-5K02,20,woman
vis-8YSA,21,man
vis-Q6K5,21,man
vis-MG2F,21,woman
vis-893K,21,woman
vis-OEM2,21,woman
vis-0XR6,21,man
vis-5NNY,21,woman
vis-9RRX,21,woman
vis-QJ3L,21,woman
vis-MB3T,21,man
vis-OQNO,21,woman
vis-PZS0,21,woman
vis-49CY,21,woman
vis-57IH,21,woman
vis-4M4K,21,woman
vis-631H,21,woman
vis-MR6Y,21,woman
vis-R23M,21,man
vis-Q91D,21,man
vis-2OO8,21,woman
vis-QLK9,21,woman
vis-S50Q,21,man
vis-52QI,21,woman
vis-856O,21,man
vis-11LD,21,woman
vis-FKQ2,21,man
vis-OL9P,21,man
vis-R41P,21,woman
vis-6SSD,21,woman
vis-3XLJ,21,woman
vis-PEMA,21,man
vis-9UN5,21,woman
vis-DW1S,21,man
vis-PBL9,21,woman
vis-2G1D,21,woman
vis-RT32,21,woman
vis-Q62D,21,woman
vis-RH6J,21,woman
vis-503V,21,woman
vis-7T4M,21,woman
vis-OXRD,21,man
vis-RZ38,21,woman
vis-DXOX,21,man
vis-ROMO,21,man
vis-2CO3,21,woman
vis-1DRK,21,man
vis-5X14,21,woman
vis-5O0K,21,man
vis-RB76,21,woman
vis-Q5PU,21,woman
vis-DSRG,21,man
vis-M8C9,21,woman
vis-1VNV,21,woman
vis-6241,21,woman
vis-LN1C,21,woman
vis-6OPM,21,woman
vis-QK27,21,woman
vis-5P2Q,21,man
vis-1MG7,21,woman
vis-JV2E,21,woman
vis-2AS6,21,man
vis-6A2K,21,woman
vis-47OB,21,man
vis-RR4A,21,man
vis-2GME,21,man
vis-38R1,21,woman
vis-2ASF,21,woman
vis-2OS8,21,woman
vis-FDNB,21,man
vis-2Q18,21,woman
vis-1F4R,21,man
vis-MJ5Q,21,man
vis-3M6O,21,woman
vis-64RB,21,woman
vis-KD3O,21,man
vis-NT3A,21,woman
vis-JWJF,21,woman
vis-12IJ,21,woman
vis-D3IJ,21,man
vis-RIR4,21,woman
vis-Q73F,21,woman
vis-3LSA,21,man
vis-M92Q,21,man
vis-LI5V,21,man
vis-O71C,21,man
vis-M001,21,woman
vis-NHOB,21,woman
vis-1P06,21,man
vis-5P5F,21,man
vis-QL43,21,man
vis-4B67,21,man
vis-R7DD,21,woman
vis-2D52,21,man
vis-PO6E,21,man
vis-QYQU,21,woman
vis-MG28,22,woman
vis-0WP5,22,woman
vis-SC4G,22,woman
vis-M90J,22,woman
vis-5L0Z,22,man
vis-6EPV,22,man
vis-2C5X,22,man
vis-RF0L,22,woman
vis-PJ6O,22,woman
vis-P662,22,woman
vis-1X51,22,woman
vis-RSES,22,woman
vis-PZPP,22,man
vis-RES4,22,man
vis-7BM6,22,woman
vis-S26M,22,woman
vis-FQ2I,22,woman
vis-N232,22,woman
vis-AZMD,22,man
vis-P2LC,22,man
vis-0S1M,22,man
vis-591U,22,woman
vis-Q4R9,22,woman
vis-QKDM,22,woman
vis-RFO5,22,woman
vis-NSR2,22,woman
vis-5WOE,22,man
vis-6H1G,22,man
vis-JSNO,22,man
vis-IIE2,22,man
vis-S70Y,22,man
vis-5BSE,22,man
vis-LF62,22,woman
vis-76OP,22,woman
vis-704S,22,woman
vis-370A,22,woman
vis-OP6O,22,woman
vis-ON6D,22,man
vis-5HJ3,22,woman
vis-4Y58,22,man
vis-C03V,22,woman
vis-8POQ,22,man
vis-2F63,22,woman
vis-QT0J,22,man
vis-7GDS,22,woman
vis-256J,22,man
vis-6UPJ,22,woman
vis-HORY,22,woman
vis-LQ21,22,man
vis-O7RO,22,woman
vis-NCIS,22,woman
vis-BQRQ,22,woman
vis-373V,22,man
vis-0L2U,22,man
vis-1LQ6,22,woman
vis-O5PR,22,man
vis-155V,22,woman
vis-4FQA,22,woman
vis-2L0A,22,woman
vis-O4RF,22,woman
vis-PCN3,22,woman
vis-O4LS,22,woman
vis-4K09,22,woman
vis-OD32,22,man
vis-2MQK,22,man
vis-NJ6K,22,woman
vis-4IIT,22,man
vis-64RC,22,woman
vis-NRRW,22,man
vis-MQN5,22,woman
vis-N7QN,22,woman
vis-LD65,22,man
vis-231T,22,woman
vis-0I2G,22,woman
vis-31M4,22,man
vis-Q30I,22,woman
vis-RRS9,22,woman
vis-QS5U,22,woman
vis-52RO,22,woman
vis-OD3S,22,woman
vis-1FMJ,22,woman
vis-6X04,22,woman
vis-RZ70,22,woman
vis-5BKS,22,man
vis-3FP6,22,man
vis-2FPK,22,man
vis-PMG7,22,woman
vis-2UNT,22,man
vis-CQET,23,woman
vis-4V3Q,23,man
vis-MK5S,23,man
vis-PI8L,23,woman
vis-0GRJ,23,woman
vis-1X1F,23,woman
vis-O8P6,23,woman
vis-1XQM,23,man
vis-QYRT,23,woman
vis-NW4R,23,woman
vis-NIMW,23,man
vis-4J4L,23,man
vis-3YCD,23,woman
vis-35LU,23,man
vis-OZJ4,23,woman
vis-558G,23,man
vis-9050,23,woman
vis-PS65,23,man
vis-N12J,23,man
vis-1R09,23,woman
vis-K6QA,23,woman
vis-GP3L,23,man
vis-6431,23,woman
vis-53MJ,23,woman
vis-73PM,23,woman
vis-0I1Z,23,woman
vis-N67N,23,woman
vis-4WR7,23,man
vis-5U07,23,woman
vis-KF23,23,man
vis-OJQH,23,woman
vis-LGQP,23,man
vis-S9K8,23,woman
vis-NYOO,23,man
vis-0AJ3,23,woman
vis-QDBO,23,man
vis-RRLJ,23,woman
vis-NK53,23,man
vis-0XOJ,23,man
vis-0X6G,23,man
vis-RY3N,23,man
vis-2W5D,23,man
vis-M02W,23,man
vis-3PRW,23,man
vis-40ML,23,woman
vis-29GV,23,man
vis-QG36,23,woman
vis-MP11,23,woman
vis-PX79,23,woman
vis-6C7W,23,woman
vis-2E5K,23,woman
vis-37K7,23,woman
vis-5J2D,23,woman
vis-3D6M,23,man
vis-NLPO,23,woman
vis-5BM4,23,woman
vis-SB4C,23,woman
vis-6WK9,23,man
vis-5C0N,23,man
vis-0DNN,23,man
vis-1846,23,woman
vis-OLQ1,23,man
vis-ID4P,23,woman
vis-040P,23,woman
vis-NQQE,23,woman
vis-2X37,23,woman
vis-CEM0,23,woman
vis-RU5S,23,man
vis-4ZO3,23,woman
vis-PXQD,23,man
vis-124Q,23,woman
vis-SE33,23,man
vis-M2QZ,23,woman
vis-3H6P,23,man
vis-3Q58,23,woman
vis-673R,23,man
vis-RL57,23,woman
vis-LG1W,23,man
vis-470Y,23,woman
vis-RFMS,23,woman
vis-M89B,23,man
vis-KI2K,23,man
vis-OUOB,23,woman
vis-6ZMB,23,woman
vis-QZMI,23,woman
vis-LF50,23,man
vis-MBOY,24,woman
vis-R44P,24,man
vis-Q2I7,24,woman
vis-L92I,24,woman
vis-1S4K,24,woman
vis-Q07E,24,man
vis-2L1A,24,woman
vis-QAPS,24,woman
vis-AW5R,24,woman
vis-O3NP,24,woman
vis-1EPF,24,woman
vis-BT1X,24,man
vis-62LM,24,woman
vis-LPAH,24,woman
vis-FO1M,24,woman
vis-00S8,24,woman
vis-S16G,24,woman
vis-QM2N,24,man
vis-2T59,24,man
vis-0GPK,24,woman
vis-2JOM,24,woman
vis-4P8D,24,man
vis-PV2I,24,man
vis-QMM0,24,woman
vis-RGRD,24,woman
vis-MMPH,24,woman
vis-IA2N,24,man
vis-01N4,24,woman
vis-8ILE,24,man
vis-DBO9,24,woman
vis-43QQ,24,woman
vis-M9JH,24,woman
vis-HX4Y,24,woman
vis-QVN0,24,woman
vis-Q42E,24,man
vis-3Y4L,24,woman
vis-426O,24,man
vis-LJLQ,24,woman
vis-NL9S,24,man
vis-11P9,24,woman
vis-2723,24,woman
vis-1I18,24,woman
vis-HRDN,24,woman
vis-2L4O,24,woman
vis-6650,24,woman
vis-1P3H,24,woman
vis-P6N0,24,man
vis-QZOO,24,man
vis-5KS1,24,woman
vis-LW1P,24,man
vis-LMRT,24,woman
vis-5C5L,24,man
vis-PX62,24,man
vis-5K3H,24,woman
vis-QD0N,24,woman
vis-RLRX,24,woman
vis-LINX,24,woman
vis-Q76J,24,woman
vis-N60D,24,woman
vis-6W43,24,man
vis-1YGC,24,man
vis-001U,24,man
vis-PH4S,24,man
vis-O2OP,24,woman
vis-0ALU,24,woman
vis-56P2,24,woman
vis-QZS5,24,man
vis-5FLS,24,woman
vis-BY36,24,woman
vis-RQFM,24,man
vis-00QQ,24,woman
vis-175G,24,woman
vis-MGRG,24,man
vis-8DRV,24,woman
vis-M252,24,woman
vis-QFAI,24,woman
vis-00SA,24,woman
vis-1JRD,24,woman
vis-JZ6G,24,woman
vis-63LV,24,woman
vis-R12A,24,woman
vis-DCMX,24,woman
vis-0554,24,man
vis-4FHI,24,man
vis-QQSE,24,man
vis-6OLX,25,woman
vis-R0Q8,25,woman
vis-1K66,25,man
vis-MX1D,25,man
vis-R5MQ,25,woman
vis-Q5NZ,25,woman
vis-5HQC,25,man
vis-NXLM,25,woman
vis-RP88,25,woman
vis-2YQO,25,woman
vis-9N0P,25,man
vis-6862,25,woman
vis-0GS7,25,man
vis-S656,25,woman
vis-OONC,25,man
vis-3U91,25,woman
vis-MG60,25,woman
vis-R56A,25,woman
vis-0U2J,25,woman
vis-734G,25,woman
vis-DC06,25,woman
vis-132C,25,man
vis-6U0M,25,woman
vis-NPCH,25,woman
vis-PKQ2,25,woman
vis-BMCP,25,woman
vis-S8NY,25,woman
vis-33MM,25,woman
vis-2V8T,25,woman
vis-R238,25,woman
vis-LY0V,25,man
vis-0F4J,25,woman
vis-09NJ,25,man
vis-0B2T,25,woman
vis-RA27,25,woman
vis-IPRE,25,man
vis-2T5H,25,woman
vis-08R0,25,man
vis-3XQS,25,woman
vis-QX04,25,man
vis-4A69,25,woman
vis-2U3Z,25,man
vis-OUH7,25,woman
vis-LU5N,25,man
vis-5O1N,25,woman
vis-48PG,25,woman
vis-P5RQ,25,man
vis-QH49,25,woman
vis-MYPJ,25,man
vis-7CQO,25,woman
vis-LB1K,25,man
vis-NOC1,25,man
vis-1LOP,25,woman
vis-P7GU,25,man
vis-R6QE,25,man
vis-RD23,25,woman
vis-0PNZ,25,woman
vis-5ONJ,25,man
vis-S02O,25,woman
vis-6D4W,25,man
vis-13PA,25,woman
vis-CZ1W,25,woman
vis-AXPD,25,man
vis-P1QZ,25,woman
vis-9DP3,25,man
vis-3G1H,25,woman
vis-JN47,25,man
vis-G3MC,25,woman
vis-MEMW,25,man
vis-42RJ,25,woman
vis-H0LP,25,man
vis-PQ6F,25,man
vis-246E,25,man
vis-QJOR,25,man
vis-K1NW,25,woman
vis-MB5B,25,woman
vis-6SBU,25,man
vis-0N3P,25,woman
vis-AL1Y,25,man
vis-PLA5,25,woman
vis-1SS3,25,woman
vis-OS1H,25,man
vis-1NSA,25,woman
vis-3RQK,25,woman
vis-04RV,25,man
vis-1JQ9,25,woman
vis-BZ6D,26,man
vis-NPJI,26,woman
vis-0UQO,26,woman
vis-4H26,26,woman
vis-71MY,26,man
vis-6APG,26,man
vis-S2CU,26,man
vis-6CPF,26,woman
vis-P15Z,26,woman
vis-56PK,26,man
vis-OB72,26,woman
vis-OL0H,26,man
vis-2LM0,26,man
vis-O6RN,26,man
vis-N8BG,26,woman
vis-QZRZ,26,man
vis-MYS0,26,man
vis-133X,26,man
vis-JAS7,26,woman
vis-2CO1,26,woman
vis-72LL,26,woman
vis-O4D4,26,woman
vis-SB24,26,woman
vis-QRRW,26,woman
vis-25PM,26,woman
vis-P6RJ,26,woman
vis-3LR2,26,man
vis-091O,26,woman
vis-OWMZ,26,woman
vis-FMMO,26,woman
vis-9WO9,26,man
vis-44PL,26,man
vis-Q37Q,26,man
vis-NTIL,26,woman
vis-R1K2,26,woman
vis-0J5R,26,woman
vis-5LS8,26,woman
vis-ONRQ,26,man
vis-M9MZ,26,woman
vis-3MNK,26,woman
vis-2UGA,26,woman
vis-SA27,26,man
vis-QD50,26,woman
vis-4MF8,26,man
vis-MD2S,26,woman
vis-534D,26,woman
vis-DHQP,26,man
vis-MNPQ,26,woman
vis-R40D,26,man
vis-66QE,26,man
vis-SFR8,26,woman
vis-0PIS,26,woman
vis-O78B,26,woman
vis-BSNT,26,man
vis-0HOP,26,man
vis-EH3F,26,woman
vis-74NW,26,man
vis-8O2S,26,man
vis-1ANJ,26,woman
vis-6H3Q,26,woman
vis-3C2R,26,man
vis-990H,26,woman
vis-O81Q,26,woman
vis-LB9I,26,man
vis-2T1E,26,man
vis-67S8,26,woman
vis-M6R3,26,woman
vis-R939,26,woman
vis-043G,26,woman
vis-PU4S,26,man
vis-3R0U,26,woman
vis-E64X,26,woman
vis-HBI6,26,woman
vis-MWK2,26,man
vis-31BG,26,man
vis-PU92,26,woman
vis-1D8K,26,woman
vis-271X,26,man
vis-9U1S,26,woman
vis-20OH,26,woman
vis-OZ1T,26,woman
vis-2N5O,26,woman
vis-4CP3,26,woman
vis-2DPJ,26,woman
vis-Q4OI,26,woman
vis-0YPJ,26,woman
vis-PFQ3,26,man
vis-2B15,26,woman
vis-2QLB,27,woman
vis-1M0F,27,woman
vis-S8P8,27,woman
vis-Q9GV,27,man
vis-PXP0,27,woman
vis-NN2E,27,woman
vis-5822,27,man
vis-38NN,27,woman
vis-MPOS,27,woman
vis-RTO7,27,man
vis-313F,27,woman
vis-IK2S,27,woman
vis-KBDS,27,man
vis-4Z5B,27,man
vis-1357,27,woman
vis-KDQM,27,man
vis-PB3E,27,woman
vis-MG44,27,man
vis-5BI4,27,man
vis-3NS9,27,woman
vis-BL25,27,man
vis-2C13,27,woman
vis-613L,27,woman
vis-1CQM,27,woman
vis-3C3B,27,man
vis-5D55,27,man
vis-R9RI,27,woman
vis-QTLN,27,man
vis-QCO5,27,man
vis-RHLP,27,woman
vis-I228,27,woman
vis-OU3Q,27,woman
vis-4TRJ,27,man
vis-R31M,27,man
vis-2BLT,27,man
vis-3PA2,27,man
vis-FFJJ,27,woman
vis-01OS,27,man
vis-1O66,27,woman
vis-5QQ9,27,woman
vis-5X0M,27,woman
vis-MRRI,27,woman
vis-RX5Q,27,man
vis-4ILY,27,woman
vis-S05W,27,woman
vis-PE09,27,man
vis-670J,27,woman
vis-4OR7,27,woman
vis-6IS0,27,woman
vis-CB6X,27,woman
vis-4D0G,27,woman
vis-MSQ5,27,woman
vis-4TRQ,27,man
vis-MNLR,27,woman
vis-MM1R,27,woman
vis-IAO1,27,woman
vis-L63C,27,man
vis-QHOZ,27,man
vis-NO33,27,man
vis-4L26,27,woman
vis-MK68,27,man
vis-52N7,27,man
vis-3FRN,27,woman
vis-QVNV,27,woman
vis-M72H,27,woman
vis-O115,27,man
vis-RNLH,27,woman
vis-4N59,27,woman
vis-O8CG,27,man
vis-NWS9,27,woman
vis-SE3B,27,woman
vis-K3RG,27,woman
vis-MJK4,27,man
vis-42RQ,27,man
vis-POOZ,27,man
vis-R54S,27,woman
vis-R61T,28,woman
vis-LN19,28,woman
vis-J4Q5,28,woman
vis-5W5T,28,woman
vis-5Z59,28,woman
vis-2GMQ,28,woman
vis-SF3K,28,woman
vis-461D,28,woman
vis-6PB0,28,woman
vis-PC1V,28,man
vis-L8KF,28,woman
vis-RDRW,28,man
vis-QI0A,28,woman
vis-576F,28,woman
vis-267X,28,woman
vis-RJKH,28,woman
vis-NB01,28,man
vis-P6O3,28,woman
vis-2C3X,28,woman
vis-REMR,28,man
vis-138K,28,man
vis-6O8U,28,woman
vis-MZPE,28,woman
vis-DR0Z,28,man
vis-OFQ1,28,man
vis-L8PX,28,man
vis-ODJR,28,man
vis-C2F5,28,man
vis-SCI8,28,woman
vis-5MRY,28,man
vis-M02Z,28,woman
vis-3O52,28,man
vis-M74H,28,woman
vis-QX0R,28,woman
vis-2X50,28,woman
vis-2LOP,28,woman
vis-2TRL,28,man
vis-0017,28,woman
vis-23NF,28,woman
vis-1QQF,28,man
vis-MU5D,28,woman
vis-OV1D,28,woman
vis-S45S,28,woman
vis-6N4U,28,woman
vis-OK47,28,woman
vis-8L2J,28,man
vis-NK2N,28,woman
vis-6507,28,woman
vis-4BS3,28,man
vis-2811,28,woman
vis-BIS6,28,woman
vis-PY4A,28,man
vis-OAOA,28,woman
vis-2RQF,28,woman
vis-04KY,28,woman
vis-2MIZ,28,man
vis-2HQI,28,woman
vis-20QK,28,man
vis-2O0J,28,man
vis-NJ0H,28,woman
vis-OFS5,28,woman
vis-LIS6,28,woman
vis-QOQC,28,woman
vis-4ERM,28,man
vis-2X6Y,28,man
vis-2W50,28,woman
vis-0H6H,28,woman
vis-M8LL,28,woman
vis-2927,28,woman
vis-HROD,28,woman
vis-36O6,28,man
vis-8P3O,29,woman
vis-0O2I,29,woman
vis-937T,29,man
vis-5443,29,man
vis-PH3M,29,woman
vis-S1LM,29,man
vis-1DN7,29,woman
vis-RE14,29,woman
vis-M45W,29,woman
vis-9U52,29,woman
vis-3A6Z,29,woman
vis-PB2D,29,woman
vis-1J6G,29,woman
vis-POS2,29,man
vis-1N1U,29,woman
vis-RZ8D,29,man
vis-7S5E,29,woman
vis-MJ5G,29,man
vis-P94E,29,woman
vis-A02Y,29,man
vis-OU5D,29,woman
vis-OM2G,29,man
vis-LW1H,29,man
vis-K62M,29,woman
vis-2CA5,29,man
vis-RXSF,29,woman
vis-RJ01,29,woman
vis-PIPH,29,man
vis-O45L,29,woman
vis-DPCH,29,woman
vis-3N2Y,29,man
vis-1A2A,29,man
vis-5JMW,29,woman
vis-P5F6,29,man
vis-ND14,29,man
vis-M4Q5,29,man
vis-OW6T,29,woman
vis-3RNB,29,man
vis-M9S0,29,man
vis-5J57,29,man
vis-3GIR,29,man
vis-RPHJ,29,woman
vis-MB9J,29,woman
vis-PILI,29,man
vis-FN1N,29,woman
vis-29OD,29,woman
vis-LVMY,29,woman
vis-534Y,29,man
vis-6LS5,29,woman
vis-1N4D,29,woman
vis-S0PA,29,man
vis-0Q69,29,woman
vis-SAED,29,woman
vis-BW4L,29,man
vis-4M0U,29,woman
vis-6OP9,29,woman
vis-AIIS,29,man
vis-LZMR,29,woman
vis-1W5K,29,man
vis-2D3S,29,man
vis-P5G0,29,woman
vis-N0NJ,29,man
vis-QUN3,29,woman
vis-RIRE,29,man
vis-Q1N5,29,man
vis-LPPP,29,man
vis-LY4N,29,man
vis-5FBI,29,woman
vis-PRPY,29,man
vis-IY6D,29,woman
vis-2GLP,29,woman
vis-0XNJ,29,woman
vis-RHOB,29,woman
vis-O7OO,29,woman
vis-OR1S,29,man
vis-LP0A,29,woman
vis-44RG,29,woman
vis-PORS,29,woman
vis-1B07,29,man
vis-3A00,29,woman
vis-006H,29,man
vis-MY5U,29,man
vis-70OM,29,man
vis-0Z37,29,woman
vis-Q8QF,29,man
vis-3ELF,29,woman
vis-58LR,29,woman
vis-QDPU,29,woman
vis-SAQP,29,woman
vis-0ULO,29,man
vis-05PB,29,man
vis-763T,29,woman
vis-9W0O,29,woman
vis-NI4I,29,woman
vis-LNP6,29,woman
vis-1CS6,29,man
vis-MJEO,29,man
vis-6TGK,29,woman
vis-1ZI4,29,woman
vis-27MD,29,man
vis-5TQW,29,woman
vis-0T4L,29,woman
vis-O9IS,29,woman
vis-8E3W,29,woman
vis-PK71,29,woman
vis-1OLH,29,woman
vis-5BMK,29,man
vis-NI26,29,woman
vis-OGRE,29,woman
vis-IY0R,29,woman
vis-LGK5,29,woman
vis-HENV,29,woman
vis-LD6M,29,man
vis-M367,30,woman
vis-6NMV,30,woman
vis-09PO,30,woman
vis-1PGQ,30,man
vis-5O6Y,30,woman
vis-16GP,30,woman
vis-PRS8,30,man
vis-FHAN,30,woman
vis-8Z45,30,woman
vis-LHLQ,30,woman
vis-3LQ6,30,man
vis-19MD,30,man
vis-R62O,30,woman
vis-LF0D,30,woman
vis-QTNM,30,man
vis-MGJF,30,woman
vis-7H8K,30,man
vis-7X3R,30,woman
vis-8ZE6,30,man
vis-PI02,30,man
vis-1Q8W,30,man
vis-K7S4,30,man
vis-2O0M,30,man
vis-43OZ,30,woman
vis-HX5D,30,man
vis-33PM,30,man
vis-12MF,30,man
vis-FYH1,30,woman
vis-3LNP,30,woman
vis-DL26,30,woman
vis-2E2W,30,man
vis-1EEA,30,woman
vis-7RP7,30,woman
vis-J23H,30,woman
vis-KHN3,30,woman
vis-67RC,30,man
vis-PWPC,30,woman
vis-OC3R,30,woman
vis-8H1N,30,woman
vis-P2QG,30,man
vis-FN1Z,30,man
vis-0C14,30,woman
vis-DILG,30,woman
vis-1K09,30,woman
vis-1T48,30,woman
vis-LZO4,30,woman
vis-8S29,30,man
vis-JREX,30,man
vis-IJBD,30,woman
vis-E54U,30,woman
vis-1ZNQ,30,man
vis-3AM3,30,woman
vis-OTPQ,30,woman
vis-1PFD,30,woman
vis-2EQ5,30,woman
vis-9G0I,30,man
vis-QIPU,30,woman
vis-IX55,30,woman
vis-F5ON,30,woman
vis-6H3W,30,woman
vis-N5M5,30,man
vis-QYL1,30,man
vis-8HR2,30,woman
vis-N21N,30,woman
vis-9A5D,30,woman
vis-282M,30,woman
vis-5ZLV,30,woman
vis-072R,30,woman
vis-0K4K,30,man
vis-P86I,30,man
vis-IFEP,30,man
vis-HBLZ,30,man
vis-1YNY,30,woman
vis-LE67,30,man
vis-PNNX,30,man
vis-O9QH,30,woman
vis-2O6E,30,woman
vis-3634,30,woman
vis-J14Y,30,woman
vis-M10M,30,woman
vis-4I97,30,man
vis-5J8C,30,woman
vis-PERL,30,woman
vis-3DR2,31,man
vis-73R9,31,woman
vis-1DO8,31,woman
vis-PE3E,31,woman
vis-L0OU,31,woman
vis-DIAF,31,man
vis-G7N0,31,man
vis-QQ08,31,woman
vis-295V,31,woman
vis-RA6I,31,woman
vis-170W,31,woman
vis-262E,31,woman
vis-0VPV,31,woman
vis-PF18,31,woman
vis-5P12,31,woman
vis-25RQ,31,man
vis-5TRV,31,woman
vis-KF7J,31,woman
vis-1X6F,31,woman
vis-PBRO,31,woman
vis-PK3H,31,woman
vis-GS2I,31,woman
vis-69Q6,31,man
vis-0N83,31,woman
vis-3JQN,31,woman
vis-7F5J,31,man
vis-P1NU,31,man
vis-R86O,31,man
vis-4VH8,31,man
vis-653H,31,man
vis-S4OU,31,man
vis-R15T,31,woman
vis-ONKL,31,man
vis-5LS6,31,woman
vis-6M58,31,man
vis-AN08,31,woman
vis-O9HD,31,man
vis-91OX,31,woman
vis-LC51,31,woman
vis-QJPX,31,man
vis-KXP6,31,woman
vis-RX1S,31,woman
vis-2XOZ,31,woman
vis-2EAX,31,man
vis-9YM6,31,woman
vis-OXMX,31,man
vis-6TP9,31,man
vis-5MRF,31,man
vis-OON5,31,man
vis-566C,31,woman
vis-LO6Z,31,woman
vis-1APU,31,man
vis-4PQU,31,woman
vis-2HN9,31,man
vis-PK83,31,woman
vis-520D,31,woman
vis-HK14,31,woman
vis-OE67,31,man
vis-PN89,31,man
vis-0OI4,31,woman
vis-O5MI,31,woman
vis-2VSC,31,man
vis-6RNN,31,woman
vis-PYON,31,man
vis-4I0T,31,man
vis-3D0X,31,woman
vis-M01Q,31,woman
vis-JH6V,31,man
vis-J55E,31,woman
vis-0ZS9,31,woman
vis-05MT,31,woman
vis-4K1G,31,man
vis-JX7T,31,man
vis-5Y4D,31,man
vis-5IGC,31,woman
vis-0L90,31,man
vis-7K2F,31,man
vis-4J2G,31,man
vis-ODPM,31,man
vis-S60S,31,woman
vis-SF18,31,man
vis-18SB,31,woman
vis-IO56,31,man
vis-N6KJ,31,woman
vis-PF22,32,woman
vis-AYPS,32,woman
vis-PMHQ,32,woman
vis-QZRC,32,woman
vis-R1PH,32,man
vis-OEKW,32,woman
vis-3FOA,32,woman
vis-263W,32,man
vis-DB5A,32,man
vis-LX4N,32,woman
vis-H76P,32,woman
vis-0G3Q,32,woman
vis-RXPT,32,woman
vis-4AMK,32,woman
vis-M3RJ,32,woman
vis-QWQO,32,man
vis-0XO1,32,man
vis-M3NM,32,man
vis-NX4L,32,woman
vis-RPOA,32,woman
vis-QN3J,32,man
vis-GXE5,32,woman
vis-211B,32,woman
vis-211Q,32,woman
vis-41M0,32,woman
vis-O8MW,32,man
vis-3I7V,32,woman
vis-S5PH,32,woman
vis-OY3S,32,woman
vis-MA0M,32,woman
vis-O6OP,32,woman
vis-1ILC,32,woman
vis-O484,32,man
vis-6947,32,woman
vis-0ZRT,32,woman
vis-45S0,32,woman
vis-KV3I,32,woman
vis-3M8X,32,woman
vis-PK6F,32,woman
vis-RFLD,32,man
vis-3P20,32,woman
vis-4VJU,32,woman
vis-6GQH,32,woman
vis-0KOZ,32,woman
vis-MH2X,32,woman
vis-5XCV,32,woman
vis-QSIY,32,man
vis-NOQI,32,woman
vis-QARJ,32,woman
vis-MUQQ,32,man
vis-QCHA,32,man
vis-76G3,32,woman
vis-5824,32,woman
vis-IRI1,32,woman
vis-1717,32,woman
vis-PW1P,32,woman
vis-SE6V,32,man
vis-PMMR,32,man
vis-2S56,32,woman
vis-1419,32,woman
vis-NTNO,32,woman
vis-LGS6,32,woman
vis-4GP7,32,woman
vis-1J4B,32,man
vis-Q9NH,32,woman
vis-Q222,32,man
vis-0MN7,32,woman
vis-5RMD,32,woman
vis-526X,32,man
vis-OWPR,32,woman
vis-QD2J,32,woman
vis-DX22,32,woman
vis-ROND,32,man
vis-3R4Q,32,woman
vis-RWLH,32,woman
vis-R202,32,woman
vis-RS47,32,man
vis-0WNS,32,woman
vis-OT8H,32,man
vis-4251,32,woman
vis-3CNG,32,man
vis-1ZRD,32,woman
vis-Q90U,32,woman
vis-SA22,32,woman
vis-0KRM,32,man
vis-PA4W,32,woman
vis-QC5A,32,woman
vis-2V11,32,man
vis-33RT,32,woman
vis-4O1J,33,man
vis-RS87,33,woman
vis-O46Y,33,woman
vis-1R1C,33,woman
vis-I1NB,33,man
vis-2PBE,33,woman
vis-JNPX,33,man
vis-RC4O,33,man
vis-F02R,33,woman
vis-PM2E,33,woman
vis-QJ0Z,33,woman
vis-4I25,33,man
vis-P6QH,33,woman
vis-18P7,33,man
vis-NL60,33,woman
vis-LYNR,33,woman
vis-9WAC,33,woman
vis-1AQQ,33,woman
vis-AI9N,33,woman
vis-NY41,33,woman
vis-CF09,33,woman
vis-RPIR,33,woman
vis-43OS,33,man
vis-0HM9,33,man
vis-PU3R,33,woman
vis-N7Q8,33,man
vis-IH9Y,33,woman
vis-0F5R,33,man
vis-P71S,33,man
vis-8C2N,33,woman
vis-MD2J,33,woman
vis-0UKM,33,woman
vis-8VPW,33,man
vis-524M,33,woman
vis-IWNW,33,woman
vis-MAJT,33,man
vis-6W4U,33,man
vis-Q96E,33,woman
vis-LZQU,33,woman
vis-19QK,33,man
vis-3S4J,33,woman
vis-BXNZ,33,woman
vis-Q8P8,33,woman
vis-LA37,33,man
vis-322T,33,woman
vis-GC6X,33,woman
vis-26RA,33,man
vis-NX8F,33,man
vis-LHPC,33,woman
vis-P2A7,33,woman
vis-3C2O,33,man
vis-P4LW,33,man
vis-1122,33,woman
vis-NQNX,33,woman
vis-LI62,33,man
vis-AHA0,33,woman
vis-KRGO,33,man
vis-1OOU,33,man
vis-B94V,33,woman
vis-5U3D,33,man
vis-P4RV,33,woman
vis-2C0G,33,man
vis-4H3T,33,woman
vis-5P0O,33,man
vis-OQ1Y,33,woman
vis-0G0R,33,man
vis-99FB,33,man
vis-552W,33,man
vis-D6KQ,33,woman
vis-5N3L,33,man
vis-B65Z,33,man
vis-QYLU,33,man
vis-0RS5,33,man
vis-P53R,33,man
vis-PB58,33,man
vis-RS4S,33,woman
vis-5V1T,33,woman
vis-KSH5,33,man
vis-5PLQ,33,man
vis-3CRT,33,woman
vis-443H,33,woman
vis-RERH,33,man
vis-QHRJ,33,woman
vis-PTRM,33,woman
vis-92B2,33,man
vis-6SIO,33,man
vis-JM0C,34,man
vis-1PND,34,man
vis-P88D,34,woman
vis-6BNS,34,woman
vis-11QP,34,woman
vis-683F,34,woman
vis-O413,34,woman
vis-QVS0,34,woman
vis-LPLT,34,man
vis-NOQ0,34,woman
vis-9BPP,34,woman
vis-NQ4A,34,woman
vis-N8NG,34,man
vis-60S6,34,woman
vis-NWA8,34,man
vis-24S1,34,man
vis-21NL,34,woman
vis-JY4W,34,woman
vis-MEA7,34,man
vis-I33P,34,man
vis-J1K9,34,woman
vis-2513,34,woman
vis-0G3Y,34,woman
vis-LZ5P,34,man
vis-MH0O,34,woman
vis-1YRA,34,woman
vis-OIA3,34,man
vis-2H05,34,woman
vis-RY01,34,woman
vis-5VCN,34,woman
vis-BC1A,34,woman
vis-7I7W,34,woman
vis-464W,34,woman
vis-RK10,34,woman
vis-OV1Y,34,man
vis-PPRT,34,woman
vis-PPQZ,34,man
vis-0LIH,34,woman
vis-65NE,34,woman
vis-LOO0,34,man
vis-M9PW,34,man
vis-2460,34,man
vis-LNAP,34,woman
vis-2KHY,34,man
vis-6BS3,34,man
vis-RM7P,34,woman
vis-QAS0,34,woman
vis-34R7,34,man
vis-OBOP,34,man
vis-SE0Q,34,man
vis-QLR5,34,woman
vis-QK6T,34,woman
vis-5D2C,34,woman
vis-LJ44,34,woman
vis-3HBB,34,woman
vis-59RT,34,man
vis-2LR1,34,man
vis-2IP2,34,woman
vis-RABN,34,woman
vis-0W3B,34,woman
vis-J3OY,34,woman
vis-7Z2Y,34,man
vis-PZNI,34,woman
vis-G6OR,34,woman
vis-1B1H,34,woman
vis-NF1S,34,man
vis-NF4W,34,man
vis-RY0Y,34,man
vis-S709,34,woman
vis-PQ1P,34,woman
vis-M5R4,34,woman
vis-P5PH,34,man
vis-AROB,34,man
vis-39O5,34,woman
vis-MDRE,34,woman
vis-QDN1,34,woman
vis-42RL,34,woman
vis-NC8I,34,woman
vis-68S2,34,woman
vis-6V0O,34,woman
vis-4F0A,34,man
vis-OJ1P,34,man
vis-IV63,34,woman
vis-2HM2,34,man
vis-OW34,34,woman
vis-KT20,34,woman
vis-OM71,34,woman
vis-KGO0,34,woman
vis-68RR,34,man
vis-P2PH,34,man
vis-PX18,34,man
vis-57RH,34,woman
vis-56CK,35,woman
vis-OPN8,35,woman
vis-PQNI,35,woman
vis-5Z6P,35,man
vis-0CBF,35,woman
vis-S06O,35,woman
vis-CD6U,35,man
vis-1ZLG,35,woman
vis-7LOU,35,woman
vis-B8OA,35,man
vis-1V2I,35,woman
vis-2G3L,35,woman
vis-8K50,35,woman
vis-CMO0,35,woman
vis-246D,35,woman
vis-KE7W,35,man
vis-OURO,35,woman
vis-S4FK,35,woman
vis-546J,35,woman
vis-1C6O,35,woman
vis-AV6U,35,woman
vis-ELS1,35,woman
vis-S3OP,35,man
vis-6KMJ,35,woman
vis-N3KC,35,woman
vis-MOQA,35,woman
vis-OZMW,35,woman
vis-M5CI,35,woman
vis-REA2,35,man
vis-2U1W,35,woman
vis-516G,35,woman
vis-N4C4,35,woman
vis-JI52,35,man
vis-6HQC,35,woman
vis-QWNB,35,man
vis-392C,35,woman
vis-LTCH,35,man
vis-LQKD,35,woman
vis-6S14,35,man
vis-5U8Q,35,woman
vis-M6LV,35,man
vis-8FOI,35,man
vis-6IQ1,35,woman
vis-1YMZ,35,woman
vis-QLHV,35,woman
vis-1T7H,35,man
vis-1R56,35,woman
vis-7UR1,35,man
vis-PQK2,35,woman
vis-68DM,35,man
vis-2LSC,35,man
vis-2QPG,35,man
vis-S9LN,35,man
vis-1632,35,man
vis-2PMY,35,woman
vis-MSOX,35,woman
vis-3FO3,35,man
vis-6CLU,35,woman
vis-R6OU,35,woman
vis-3H28,35,woman
vis-Q03B,35,man
vis-PFR7,35,woman
vis-2PS1,35,man
vis-0F63,35,woman
vis-7OQO,35,woman
vis-680D,35,woman
vis-1POY,35,man
vis-O52P,35,man
vis-M062,35,woman
vis-RN4B,35,man
vis-583V,35,woman
vis-0IQE,35,woman
vis-1117,35,man
vis-6O0V,35,woman
vis-0CRE,35,man
vis-5AQY,35,man
vis-01M2,35,woman
vis-OJ31,35,man
vis-23NH,35,woman
vis-3RQC,35,man
vis-Q3DO,35,woman
vis-5A5F,35,man
vis-7C1A,35,man
vis-1I25,35,woman
vis-HFQP,35,woman
vis-KZ19,35,woman
vis-0Y2P,35,woman
vis-1WLE,35,woman
vis-N39W,35,man
vis-3J5C,35,woman
vis-5RQ3,35,woman
vis-RORY,35,woman
vis-363S,35,woman
vis-0XPL,35,man
vis-Q9RX,35,woman
vis-NKR9,35,woman
vis-RGNZ,35,man
vis-CXR7,35,man
vis-P1OM,35,man
vis-25LC,35,woman
vis-L3Q2,35,woman
vis-3WAQ,36,woman
vis-L4SA,36,man
vis-JOCK,36,woman
vis-6CS9,36,woman
vis-LEQ7,36,woman
vis-2UP8,36,woman
vis-62N0,36,woman
vis-Q8NF,36,man
vis-DMRA,36,woman
vis-LCRU,36,man
vis-P7M1,36,woman
vis-PN3B,36,man
vis-OG3W,36,man
vis-NK61,36,man
vis-RAOA,36,woman
vis-3L5I,36,woman
vis-K5RN,36,woman
vis-4Y6O,36,woman
vis-3NSB,36,woman
vis-500B,36,woman
vis-MDGM,36,woman
vis-QUIB,36,woman
vis-RXMB,36,woman
vis-2JLO,36,man
vis-5T3H,36,woman
vis-MGPK,36,man
vis-2A27,36,woman
vis-5GP3,36,man
vis-8Q4J,36,woman
vis-MC67,36,woman
vis-FZ6X,36,woman
vis-3P04,36,man
vis-3J4I,36,man
vis-1WDY,36,woman
vis-Q014,36,woman
vis-5JLC,36,man
vis-2D73,36,woman
vis-0EQS,36,man
vis-2QAL,36,woman
vis-QSFA,36,man
vis-571V,36,woman
vis-6KNI,36,man
vis-1XLL,36,woman
vis-MQB0,36,man
vis-OTRW,36,woman
vis-36LK,36,woman
vis-2869,36,woman
vis-M2OV,36,man
vis-4S0Z,36,woman
vis-SD3H,36,man
vis-4JFK,36,woman
vis-RMQY,36,woman
vis-6RLZ,36,man
vis-QHLP,36,woman
vis-DK5G,36,man
vis-MH4C,36,woman
vis-MQRL,36,woman
vis-L21R,36,man
vis-LYHG,36,woman
vis-1U05,36,man
vis-6SNV,36,woman
vis-OC5U,36,man
vis-5F11,36,man
vis-BQ4O,36,woman
vis-RDE8,36,man
vis-JLLJ,36,man
vis-S3NY,36,man
vis-545M,36,man
vis-RPLK,36,man
vis-S05C,36,man
vis-MHM5,36,man
vis-0OQ3,36,man
vis-4P6W,36,man
vis-QE54,36,man
vis-0V56,36,woman
vis-26O3,36,woman
vis-08KR,36,woman
vis-3SIU,36,woman
vis-NTCP,36,man
vis-PHGG,36,woman
vis-QW5P,36,woman
vis-096F,36,woman
vis-PI1E,36,woman
vis-49LZ,36,woman
vis-6P81,36,woman
vis-RH30,36,woman
vis-71D3,36,woman
vis-FW1M,36,woman
vis-PTRT,36,man
vis-2JKE,36,man
vis-GINH,36,man
vis-MG68,36,man
vis-17RQ,37,man
vis-OXLO,37,man
vis-29G8,37,woman
vis-MI6Z,37,woman
vis-0207,37,woman
vis-NKOF,37,man
vis-3RNC,37,woman
vis-SF08,37,woman
vis-2PQ5,37,man
vis-3U50,37,man
vis-FHO9,37,woman
vis-6B1S,37,woman
vis-6AS3,37,woman
vis-7FO6,37,woman
vis-0VR1,37,man
vis-69OQ,37,man
vis-OJNB,37,woman
vis-KP0B,37,man
vis-QQ46,37,woman
vis-2QN6,37,man
vis-SCM2,37,man
vis-1Q5I,37,woman
vis-891L,37,woman
vis-SAP6,37,man
vis-P2JQ,37,woman
vis-6MRI,37,woman
vis-PX1V,37,woman
vis-OUM4,37,man
vis-MLSB,37,man
vis-1Y0C,37,woman
vis-1A0S,37,man
vis-6QPQ,37,woman
vis-PB4C,37,man
vis-5UOE,37,man
vis-99N2,37,woman
vis-NY5M,37,woman
vis-3HSB,37,man
vis-QP01,37,woman
vis-MVJK,37,man
vis-N0RZ,37,man
vis-104R,37,man
vis-1T3Z,37,woman
vis-4R97,37,woman
vis-2JRJ,37,woman
vis-4GS7,37,woman
vis-61I1,37,man
vis-6YB7,37,woman
vis-RFOY,37,woman
vis-N7S4,37,woman
vis-5F5I,37,woman
vis-CH9D,37,man
vis-RT7Y,37,woman
vis-63M4,37,man
vis-4O23,37,woman
vis-1CPT,37,man
vis-C80Y,37,woman
vis-I8J5,37,woman
vis-1AMW,37,man
vis-Q722,37,man
vis-N6K6,37,woman
vis-N0N3,37,man
vis-QLIE,37,man
vis-5RPR,37,woman
vis-NWQQ,37,man
vis-5242,37,man
vis-5BLN,37,man
vis-3AR8,37,man
vis-MFPH,37,woman
vis-PRN6,37,man
vis-241P,37,woman
vis-DJC0,37,man
vis-1Z0M,37,man
vis-3GLI,37,man
vis-OHS6,37,woman
vis-5TLO,37,woman
vis-4Y2G,37,man
vis-SB2O,37,woman
vis-QM3P,37,woman
vis-NTPR,37,woman
vis-QUR7,37,woman
vis-NLPX,37,man
vis-LZ7W,37,man
vis-1B4N,37,man
vis-O002,37,woman
vis-4C4T,37,woman
vis-3Q6S,37,woman
vis-NXN3,37,woman
vis-NI00,37,woman
vis-3L5S,37,woman
vis-PTMA,37,man
vis-QCNY,37,man
vis-PB0H,37,man
vis-MS3E,37,woman
vis-KUNW,37,man
vis-8AQ9,37,woman
vis-58O4,37,woman
vis-0ZKF,37,man
vis-P2M3,37,man
vis-IV76,37,woman
vis-MWPQ,37,woman
vis-QNMK,38,woman
vis-R85K,38,woman
vis-453R,38,woman
vis-54NT,38,woman
vis-S4NK,38,woman
vis-1N3P,38,man
vis-4FH0,38,woman
vis-I06R,38,woman
vis-OW7G,38,woman
vis-MF26,38,man
vis-3JSF,38,woman
vis-NPOI,38,woman
vis-S00W,38,woman
vis-JI41,38,woman
vis-1GF2,38,woman
vis-2BLR,38,man
vis-0OOZ,38,woman
vis-OS3C,38,man
vis-P8LI,38,woman
vis-1REW,38,woman
vis-5DCE,38,woman
vis-NUM6,38,woman
vis-PE2J,38,woman
vis-OAQ2,38,woman
vis-PEOT,38,man
vis-QOR9,38,woman
vis-N8O7,38,woman
vis-6H0P,38,woman
vis-5S15,38,woman
vis-3O71,38,woman
vis-QHP9,38,man
vis-0WG9,38,man
vis-N88G,38,man
vis-0I20,38,woman
vis-NU3H,38,woman
vis-5P0I,38,woman
vis-43S9,38,man
vis-NE31,38,woman
vis-1IQQ,38,woman
vis-0T0U,38,man
vis-QS13,38,man
vis-P3C8,38,woman
vis-0QKP,38,woman
vis-OM5C,38,man
vis-NEMT,38,woman
vis-R220,38,man
vis-QRBS,38,man
vis-PCLX,38,woman
vis-QF7F,38,man
vis-4X3H,38,woman
vis-Q94M,38,man
vis-PM3R,38,man
vis-MB0B,38,woman
vis-K96O,38,woman
vis-RU2X,38,woman
vis-OR3T,38,woman
vis-3X6P,38,woman
vis-55RL,38,man
vis-2LEX,38,man
vis-5ANH,38,man
vis-PO20,38,woman
vis-MYAZ,38,man
vis-N84M,38,man
vis-DYMA,38,woman
vis-8C2B,38,man
vis-642D,38,man
vis-6Z0E,38,man
vis-2B2K,38,man
vis-5NP3,38,woman
vis-EUKE,39,woman
vis-70A5,39,woman
vis-RYMQ,39,man
vis-KYLD,39,man
vis-NZ0A,39,woman
vis-4C0K,39,man
vis-2FAI,39,woman
vis-494U,39,woman
vis-1L1M,39,man
vis-P00Z,39,man
vis-QF0L,39,man
vis-1NRQ,39,man
vis-5FMN,39,woman
vis-RRN0,39,woman
vis-6A1F,39,man
vis-35OB,39,man
vis-RJLG,39,man
vis-2D1X,39,man
vis-4JND,39,woman
vis-8921,39,man
vis-D128,39,woman
vis-LYJH,39,woman
vis-4CQC,39,woman
vis-SBMD,39,woman
vis-RJFR,39,woman
vis-SCLK,39,woman
vis-MNOT,39,woman
vis-R962,39,woman
vis-P1NK,39,man
vis-P8NY,39,man
vis-4KQX,39,man
vis-BW6W,39,woman
vis-PQ44,39,woman
vis-SD0R,39,woman
vis-PY1I,39,woman
vis-P02T,39,man
vis-LEQV,39,man
vis-NPSC,39,woman
vis-5A3T,39,woman
vis-PGQM,39,man
vis-PO6P,39,woman
vis-4FRR,39,man
vis-RC65,39,woman
vis-LYLX,39,woman
vis-RH5K,39,man
vis-2N6O,39,woman
vis-PI7Q,39,man
vis-DH5N,39,woman
vis-440Y,39,man
vis-OM2R,39,woman
vis-PCQW,39,man
vis-2S0N,39,woman
vis-02AF,39,woman
vis-PCPQ,39,woman
vis-MNSE,39,woman
vis-HCPS,39,man
vis-4S4F,39,woman
vis-22A4,39,woman
vis-0I5J,39,man
vis-08O6,39,woman
vis-MY3I,39,woman
vis-LLIP,39,woman
vis-1A1N,39,man
vis-PF4N,39,woman
vis-4451,39,woman
vis-4U4U,39,woman
vis-O7S0,39,man
vis-LT6A,39,woman
vis-23P0,39,woman
vis-0Z8S,39,woman
vis-5KB8,39,woman
vis-RAPT,39,woman
vis-NO0O,39,woman
vis-6NQ4,39,woman
vis-OT0B,39,woman
vis-4R0Y,39,man
vis-K7NK,39,man
vis-N8ME,39,woman
vis-23O3,39,woman
vis-R0P9,39,man
vis-R6QN,39,woman
vis-2SQ2,39,woman
vis-2JP5,39,man
vis-NQQC,39,woman
vis-P6OA,39,woman
vis-6357,39,man
vis-86JN,39,woman
vis-PUBB,39,man
vis-255W,39,woman
vis-NCS2,40,man
vis-CCJ5,40,woman
vis-BGAA,40,woman
vis-5D02,40,woman
vis-RK5B,40,woman
vis-PY5L,40,man
vis-90NU,40,woman
vis-R24R,40,woman
vis-1YN5,40,woman
vis-R9PN,40,man
vis-QMKM,40,woman
vis-1DN8,40,man
vis-3X3T,40,woman
vis-NV85,40,man
vis-NP3H,40,man
vis-0637,40,man
vis-PCJ7,40,woman
vis-RF0Z,40,woman
vis-1X0T,40,man
vis-QVQY,40,woman
vis-B12L,40,man
vis-0M2Z,40,woman
vis-OXRO,40,man
vis-OOP1,40,man
vis-ORRY,40,woman
vis-RNPP,40,man
vis-7K3I,40,woman
vis-2152,40,woman
vis-S86L,40,woman
vis-QDOI,40,man
vis-Q1QK,40,woman
vis-0NP2,40,woman
vis-6GP1,40,woman
vis-0S02,40,woman
vis-FRMM,40,woman
vis-6RO7,40,woman
vis-6PQD,40,woman
vis-06N5,40,woman
vis-OV2J,40,man
vis-012O,40,woman
vis-O04H,40,man
vis-58L0,40,woman
vis-0Z2Y,40,woman
vis-1JCK,40,man
vis-1D6H,40,man
vis-15OJ,40,woman
vis-KQA6,40,man
vis-5E44,40,man
vis-S32I,40,woman
vis-P8OH,40,woman
vis-1LOH,40,man
vis-5Z6T,40,woman
vis-LONS,40,woman
vis-OON4,40,man
vis-2L2L,40,woman
vis-RN1D,40,woman
vis-2SMS,40,man
vis-62PY,40,woman
vis-P0PS,40,man
vis-2V4J,40,woman
vis-02PB,40,man
vis-73CB,40,man
vis-2UNJ,40,woman
vis-NY40,40,woman
vis-PI27,40,man
vis-8M8Q,40,woman
vis-PGBY,40,man
vis-M56P,40,woman
vis-NWO4,40,woman
vis-3UOW,40,woman
vis-JE5E,40,man
vis-GS6T,40,man
vis-PG12,40,man
vis-19NZ,40,man
vis-NS23,40,woman
vis-NO1K,40,woman
vis-6V2Y,40,woman
vis-I871,40,man
vis-0D5F,40,woman
vis-S7LU,40,man
vis-NHGJ,40,woman
vis-7FND,40,woman
vis-5JL7,40,woman
vis-36PW,40,woman
vis-OI0U,40,woman
vis-ROPX,40,woman
vis-0RJ4,40,man
vis-2EM4,40,woman
vis-96G4,41,man
vis-18Q9,41,woman
vis-6YPM,41,man
vis-810E,41,woman
vis-CKRH,41,woman
vis-27NB,41,woman
vis-2T2X,41,woman
vis-41QG,41,man
vis-RURT,41,woman
vis-PI5N,41,woman
vis-1JR0,41,woman
vis-182A,41,man
vis-R54Q,41,woman
vis-MR64,41,woman
vis-4R0S,41,woman
vis-PLN6,41,woman
vis-2E53,41,woman
vis-8O0N,41,man
vis-160H,41,woman
vis-JRMY,41,woman
vis-PY5B,41,man
vis-K00E,41,woman
vis-5SQC,41,woman
vis-Q2OZ,41,man
vis-8PNV,41,woman
vis-O737,41,man
vis-FSM3,41,woman
vis-MF54,41,woman
vis-5MCE,41,woman
vis-FJ26,41,man
vis-8R4J,41,woman
vis-4Q43,41,woman
vis-MS2K,41,woman
vis-663S,41,man
vis-OMMP,41,woman
vis-50QS,41,man
vis-6X33,41,woman
vis-N539,41,man
vis-01HM,41,woman
vis-RQ1W,41,man
vis-C2NN,41,woman
vis-F86H,41,man
vis-QK3P,41,man
vis-DJ03,41,man
vis-OH5Z,41,woman
vis-737J,41,man
vis-3H0C,41,woman
vis-133N,41,woman
vis-3V09,41,woman
vis-2BKN,41,man
vis-RV2M,41,man
vis-S1KI,41,woman
vis-R57O,41,woman
vis-QIOO,41,man
vis-3GRA,41,man
vis-OXG8,41,woman
vis-B9RV,41,man
vis-1J6P,41,woman
vis-M1OY,41,woman
vis-140J,41,woman
vis-LJ11,41,man
vis-4PLA,41,man
vis-RE3L,41,man
vis-2LS5,41,man
vis-OKBT,41,woman
vis-6UQI,41,woman
vis-O7LV,41,woman
vis-REQ9,41,woman
vis-ML2F,41,woman
vis-3U51,41,woman
vis-Q0PQ,41,woman
vis-RG35,41,man
vis-5T1P,41,man
vis-PZ2O,41,man
vis-76P7,41,man
vis-0BQQ,41,woman
vis-1D2S,41,man
vis-0X6V,41,man
vis-OM54,41,woman
vis-263H,41,woman
vis-4V0S,41,woman
vis-RHNV,41,man
vis-PPOB,41,woman
vis-O0QX,42,woman
vis-3KR1,42,man
vis-PD39,42,man
vis-4X7N,42,woman
vis-6EPK,42,woman
vis-QEQ4,42,woman
vis-2JM5,42,woman
vis-IL1F,42,man
vis-KWLI,42,woman
vis-NEOK,42,woman
vis-LX03,42,man
vis-5AJV,42,man
vis-1N0U,42,woman
vis-QB46,42,man
vis-LFSE,42,woman
vis-M6CU,42,man
vis-MX92,42,woman
vis-9N61,42,man
vis-3Z2Y,42,man
vis-5314,42,woman
vis-066Y,42,man
vis-JMLI,42,woman
vis-LY23,42,woman
vis-RN3Y,42,woman
vis-4SO2,42,woman
vis-1V0N,42,woman
vis-N45G,42,woman
vis-00MQ,42,man
vis-RQ4Y,42,woman
vis-4UNH,42,woman
vis-NWH2,42,man
vis-0NS2,42,woman
vis-7G5L,42,man
vis-2YCQ,42,woman
vis-1HA9,42,woman
vis-48QM,42,man
vis-3O03,42,woman
vis-N161,42,woman
vis-QB3E,42,woman
vis-4GQE,42,man
vis-MM2K,42,man
vis-RQLC,42,man
vis-I1PU,42,man
vis-N2R3,42,woman
vis-0AOR,42,woman
vis-FALL,42,man
vis-NCR9,42,man
vis-S31Y,42,woman
vis-QEJT,42,man
vis-16NW,42,woman
vis-26O1,42,woman
vis-790V,42,woman
vis-OC2B,42,woman
vis-QD6Y,42,man
vis-NORA,42,woman
vis-Q0OV,42,woman
vis-60M4,42,man
vis-MQRW,42,man
vis-RZ98,42,woman
vis-QTFB,42,man
vis-7MFQ,42,woman
vis-LXIU,42,woman
vis-MW1C,42,woman
vis-IN4A,42,woman
vis-NLSB,42,man
vis-LARI,42,woman
vis-OEI1,42,man
vis-LIO7,42,man
vis-2XRD,42,woman
vis-QXOS,42,man
vis-RA0Y,42,woman
vis-MCP9,42,woman
vis-8VLD,42,woman
vis-3934,42,woman
vis-PRQ1,42,woman
vis-RLR9,42,woman
vis-1HN3,42,man
vis-3WMW,42,woman
vis-2O2F,42,woman
vis-H5SC,42,man
vis-54SA,42,man
vis-2D2J,42,man
vis-0M46,42,woman
vis-RXPR,42,man
vis-3KN6,42,woman
vis-2FM4,42,woman
vis-QCFJ,42,woman
vis-IK29,42,woman
vis-5N23,42,woman
vis-178U,42,woman
vis-NAR1,42,woman
vis-RH2S,42,woman
vis-4926,42,woman
vis-2I3E,42,man
vis-BNR9,42,man
vis-004M,42,woman
vis-RERN,42,woman
vis-7A0B,42,man
vis-6F11,42,man
vis-6B1I,42,woman
vis-RIPO,42,man
vis-610J,42,man
vis-1I3B,42,woman
vis-3M39,42,man
vis-IW46,42,man
vis-530K,42,woman
vis-6I64,42,man
vis-R77P,42,man
vis-RXDA,42,woman
vis-1Y6P,42,man
vis-NDOL,42,man
vis-P640,43,man
vis-CB7S,43,man
vis-37A6,43,woman
vis-5R4K,43,woman
vis-KRIR,43,man
vis-4ZM0,43,man
vis-3O93,43,man
vis-NQAB,43,man
vis-MFQE,43,woman
vis-QIMV,43,woman
vis-Q4AK,43,woman
vis-22NJ,43,man
vis-8L6C,43,man
vis-H1KV,43,man
vis-P631,43,man
vis-N7I9,43,woman
vis-PK51,43,woman
vis-MVS5,43,man
vis-P466,43,man
vis-1975,43,man
vis-N5R0,43,woman
vis-QP06,43,woman
vis-OOPL,43,man
vis-QM1P,43,woman
vis-31LH,43,woman
vis-1TQJ,43,man
vis-510S,43,man
vis-1HRM,43,woman
vis-OHQ7,43,woman
vis-PG7Z,43,woman
vis-1GNW,43,man
vis-25RE,43,man
vis-RK4O,43,woman
vis-331B,43,woman
vis-JJCB,43,man
vis-7AOI,43,woman
vis-6K04,43,woman
vis-PIQO,43,woman
vis-R7GD,43,woman
vis-6835,43,woman
vis-Q449,43,woman
vis-4Y0F,43,woman
vis-7R2L,43,man
vis-7247,43,woman
vis-4VR8,43,man
vis-2V10,43,woman
vis-NDRD,43,woman
vis-0D27,43,woman
vis-430P,43,woman
vis-75S9,43,man
vis-QR1L,43,woman
vis-4Y8B,43,man
vis-34RA,43,woman
vis-QSNU,43,man
vis-LSCY,43,woman
vis-KMA3,43,woman
vis-OCO7,43,man
vis-4497,43,man
vis-QW0A,43,man
vis-4A27,43,man
vis-5W9I,43,man
vis-PD26,43,man
vis-OS0V,43,man
vis-6MRD,43,woman
vis-LS6O,43,man
vis-GMIR,43,man
vis-P65F,43,woman
vis-NQ6A,43,man
vis-4O56,43,woman
vis-2YOD,43,man
vis-G4OZ,43,woman
vis-PGQ9,43,woman
vis-992H,43,woman
vis-6Z2K,43,man
vis-O2OH,43,woman
vis-1IMB,43,woman
vis-JO30,43,woman
vis-00O0,43,woman
vis-0F3F,43,man
vis-SCIN,43,man
vis-2W3M,43,woman
vis-MVN2,43,man
vis-1E6P,43,man
vis-S66N,43,man
vis-1I5F,43,woman
vis-9WAB,43,woman
vis-370L,43,man
vis-RK6U,43,woman
vis-JYMP,43,man
vis-PAQ1,43,man
vis-QYNK,44,man
vis-5FLT,44,woman
vis-1C37,44,woman
vis-4I13,44,woman
vis-LVNY,44,man
vis-EZN2,44,woman
vis-4E1P,44,woman
vis-Q453,44,man
vis-O2S0,44,woman
vis-8WCF,44,woman
vis-PQLI,44,woman
vis-Q4NZ,44,woman
vis-47OA,44,woman
vis-0KN4,44,woman
vis-3G6S,44,woman
vis-7OCF,44,woman
vis-34RN,44,woman
vis-10NV,44,woman
vis-RO7A,44,man
vis-E30K,44,woman
vis-S0DW,44,woman
vis-3QN7,44,woman
vis-OLOB,44,woman
vis-OORR,44,man
vis-6H6O,44,man
vis-OUP7,44,man
vis-SDN2,44,woman
vis-3U1X,44,woman
vis-OO5N,44,woman
vis-33PT,44,woman
vis-S1MG,44,man
vis-4BSF,44,woman
vis-0WPG,44,woman
vis-MOE4,44,woman
vis-29P9,44,woman
vis-A362,44,woman
vis-N8OM,44,man
vis-IRQH,44,man
vis-OXPP,44,woman
vis-2RNK,44,woman
vis-EE1L,44,woman
vis-ON5B,44,woman
vis-MN6P,44,woman
vis-OB5V,44,woman
vis-97HJ,44,woman
vis-263C,44,man
vis-RN2J,44,man
vis-QQ4R,44,man
vis-PS2K,44,man
vis-MLO3,44,man
vis-3HRQ,44,woman
vis-4V11,44,woman
vis-6XC3,44,woman
vis-0HSE,44,woman
vis-S3BF,44,woman
vis-2QM4,44,man
vis-FCQO,44,woman
vis-3XNG,44,man
vis-1XR4,44,woman
vis-SCRK,44,man
vis-8TNO,44,woman
vis-OBQY,44,man
vis-PH56,44,man
vis-3P02,44,man
vis-0W20,44,woman
vis-LXOP,44,man
vis-72BA,44,woman
vis-NNC0,44,woman
vis-6NMU,44,woman
vis-3KS4,44,man
vis-0YK3,44,man
vis-P011,44,man
vis-RB20,44,man
vis-073V,44,man
vis-NM01,44,woman
vis-R756,44,man
vis-PY4U,44,man
vis-N9R1,44,man
vis-1APN,44,woman
vis-45KP,44,man
vis-41RH,44,woman
vis-PYP7,44,man
vis-KSBQ,44,man
vis-4B28,44,man
vis-1OG8,44,woman
vis-NWOB,44,man
vis-S4OV,44,man
vis-7WSC,44,man
vis-PU0X,44,woman
vis-MCHX,44,man
vis-4OQ8,44,woman
vis-NW0U,44,man
vis-AK91,44,man
vis-FV4X,45,woman
vis-1X0L,45,woman
vis-3J1M,45,woman
vis-N9SE,45,man
vis-7QQY,45,man
vis-NSQJ,45,woman
vis-M00H,45,man
vis-0CSB,45,woman
vis-3V32,45,woman
vis-B0OJ,45,man
vis-3Q5H,45,woman
vis-44P1,45,man
vis-H5PY,45,woman
vis-O01F,45,woman
vis-NR3Q,45,man
vis-RMQQ,45,man
vis-3MQG,45,woman
vis-OU46,45,woman
vis-PQ57,45,woman
vis-8BPR,45,woman
vis-2P4S,45,man
vis-1C03,45,woman
vis-O0RV,45,man
vis-M7NP,45,woman
vis-5LBR,45,man
vis-1UR2,45,man
vis-RM5W,45,man
vis-0R0V,45,woman
vis-NDE9,45,man
vis-4T0T,45,woman
vis-QAEK,45,woman
vis-S8MS,45,woman
vis-12OJ,45,woman
vis-S82D,45,man
vis-R52S,45,woman
vis-70QI,45,man
vis-2HC8,45,man
vis-6D4J,45,woman
vis-3N3S,45,woman
vis-3103,45,woman
vis-1WNH,45,woman
vis-RB53,45,woman
vis-10R7,45,man
vis-IH6N,45,man
vis-MYFL,45,woman
vis-I16X,45,woman
vis-3S01,45,man
vis-3JMO,45,man
vis-PH0W,45,woman
vis-R1B7,45,man
vis-303U,45,woman
vis-4EPH,45,woman
vis-PN1C,45,man
vis-QJ6Q,45,woman
vis-S65A,45,man
vis-AG6C,45,man
vis-KOI4,45,man
vis-1H0P,45,woman
vis-IP5E,45,man
vis-20R3,45,man
vis-603O,45,woman
vis-2ABB,45,woman
vis-116U,45,woman
vis-2LNA,45,woman
vis-MDR3,45,woman
vis-OAPW,45,man
vis-HIIJ,45,woman
vis-2ZOY,45,woman
vis-KULN,45,man
vis-PPNG,45,woman
vis-JFMN,45,woman
vis-Q3HW,45,man
vis-HB3X,45,man
vis-1S2E,45,man
vis-0ZPK,45,woman
vis-S660,45,woman
vis-13MI,45,woman
vis-LRO6,45,man
vis-137C,45,woman
vis-5LOV,45,woman
vis-QPRF,45,woman
vis-4P3U,45,woman
vis-041V,45,man
vis-6V3F,45,woman
vis-340F,45,woman
vis-26DE,45,woman
vis-14LZ,45,man
vis-NT05,45,man
vis-4YNZ,45,woman
vis-OW6M,45,man
vis-6A4O,46,man
vis-59NS,46,woman
vis-OF12,46,man
vis-1D04,46,woman
vis-6JRR,46,man
vis-R0HW,46,woman
vis-0K5X,46,woman
vis-RSAI,46,woman
vis-6H2U,46,woman
vis-S2OU,46,man
vis-LK6E,46,woman
vis-6YRI,46,woman
vis-0ML2,46,man
vis-Q70Z,46,man
vis-I2O2,46,man
vis-4QR4,46,woman
vis-J935,46,woman
vis-CQ8X,46,man
vis-2N3X,46,woman
vis-0B1G,46,man
vis-9K6E,46,man
vis-6O13,46,woman
vis-QK4C,46,woman
vis-5QS7,46,woman
vis-R7RY,46,woman
vis-L3N8,46,woman
vis-OZNU,46,woman
vis-NK0G,46,man
vis-R5NR,46,man
vis-RZO4,46,woman
vis-NZNO,46,woman
vis-JV3I,46,woman
vis-3U4C,46,woman
vis-SBLN,46,woman
vis-0X63,46,man
vis-2URN,46,woman
vis-RD6A,46,woman
vis-F80N,46,woman
vis-5KPB,46,man
vis-P13O,46,woman
vis-60MH,46,woman
vis-0C0B,46,man
vis-R51H,46,woman
vis-JMQO,46,woman
vis-AVOI,46,man
vis-N64S,46,man
vis-5ESC,46,woman
vis-P737,46,woman
vis-0917,46,man
vis-PCO2,46,man
vis-3EMY,46,man
vis-4UMY,46,man
vis-2R6A,46,man
vis-1Y6L,46,woman
vis-4Q72,46,man
vis-MTRA,46,woman
vis-5F1O,46,man
vis-G1PT,46,man
vis-726A,46,woman
vis-PLQQ,46,woman
vis-8MM2,46,woman
vis-QD22,46,man
vis-4G0U,46,woman
vis-07MQ,46,man
vis-QZQ2,46,woman
vis-3HBT,46,woman
vis-1M0Z,46,man
vis-0DLQ,46,woman
vis-NZRX,46,woman
vis-M8QE,46,man
vis-4DP6,46,woman
vis-PCOK,46,man
vis-3BPR,46,woman
vis-23PF,46,man
vis-SFRK,46,woman
vis-5NDC,46,woman
vis-AAMZ,46,man
vis-54BQ,46,man
vis-274X,46,woman
vis-HI60,46,woman
vis-MD1Q,46,woman
vis-LL1W,46,woman
vis-M5L4,46,man
vis-58S9,46,woman
vis-1O1Q,46,woman
vis-ORBD,46,man
vis-NX04,46,man
vis-O20A,46,man
vis-M20F,46,woman
vis-5JAW,46,woman
vis-07KF,46,woman
vis-KU6N,46,woman
vis-21QE,46,woman
vis-LI6B,46,man
vis-193L,46,woman
vis-5BRU,46,woman
vis-4K0U,46,woman
vis-R34M,46,man
vis-1W0K,46,man
vis-0RRT,47,man
vis-NVPU,47,man
vis-LD8Z,47,man
vis-MQP8,47,man
vis-R9R6,47,woman
vis-4BQE,47,woman
vis-0HQ2,47,man
vis-P60U,47,woman
vis-60RE,47,woman
vis-5QPU,47,woman
vis-222H,47,woman
vis-JYMF,47,woman
vis-5DPU,47,woman
vis-MQ33,47,woman
vis-5D4L,47,man
vis-MLQ1,47,woman
vis-QM82,47,woman
vis-215S,47,woman
vis-2V1O,47,man
vis-5JJD,47,man
vis-0F4C,47,man
vis-1ZO1,47,man
vis-ILCU,47,man
vis-8680,47,woman
vis-0L4P,47,woman
vis-4YMN,47,woman
vis-L2OL,47,woman
vis-O42B,47,woman
vis-1TKE,47,woman
vis-QW31,47,woman
vis-FT6Z,47,woman
vis-1433,47,man
vis-3644,47,woman
vis-RV37,47,woman
vis-MW45,47,woman
vis-0T72,47,woman
vis-QF53,47,man
vis-S5QY,47,man
vis-21O2,47,woman
vis-O6NS,47,woman
vis-RYP1,47,woman
vis-MFPN,47,man
vis-2KS8,47,woman
vis-GHR5,47,woman
vis-J2NS,47,man
vis-AMLY,47,woman
vis-0RP8,47,man
vis-46M1,47,woman
vis-MJB9,47,man
vis-MHQI,47,woman
vis-PJ43,47,woman
vis-PO2G,47,man
vis-ND5J,47,man
vis-M6SA,47,woman
vis-S4S7,47,man
vis-NZR6,47,woman
vis-RZO2,47,man
vis-RHR7,47,woman
vis-OZ08,47,woman
vis-SC9H,47,man
vis-1N0P,47,man
vis-2AMK,47,woman
vis-MP4X,47,man
vis-RU1P,47,woman
vis-NU4I,47,man
vis-14A8,47,woman
vis-65BH,47,woman
vis-5T34,47,woman
vis-8PJL,47,man
vis-72IE,47,man
vis-024Z,47,man
vis-Q14D,47,woman
vis-3U3I,47,woman
vis-QGLH,47,woman
vis-1FG4,47,woman
vis-PL33,47,woman
vis-57MK,47,woman
vis-6WSE,47,man
vis-1R1G,47,woman
vis-JLRO,47,woman
vis-472N,47,man
vis-LD6N,47,woman
vis-4HJQ,47,man
vis-2M0O,47,man
vis-PB1M,47,man
vis-OYQI,47,woman
vis-NAMC,47,man
vis-6RPV,47,woman
vis-LL3N,47,woman
vis-L6N9,47,woman
vis-CB26,47,man
vis-69NM,48,woman
vis-MCLD,48,woman
vis-R1O0,48,man
vis-QK0C,48,woman
vis-DAQN,48,woman
vis-IWO0,48,woman
vis-RNRU,48,man
vis-8U0H,48,woman
vis-S1KB,48,man
vis-3C0I,48,woman
vis-M83Q,48,man
vis-SB0J,48,woman
vis-RY1R,48,man
vis-LKPC,48,woman
vis-AOR0,48,woman
vis-N8SF,48,man
vis-3CPQ,48,woman
vis-Q739,48,woman
vis-Q23X,48,woman
vis-M7LV,48,woman
vis-2A6Z,48,woman
vis-5181,48,woman
vis-6R1G,48,woman
vis-NBR8,48,woman
vis-PJ0V,48,woman
vis-QVHB,48,man
vis-MD5E,48,man
vis-38QM,48,man
vis-QZ7G,48,man
vis-JA2F,48,woman
vis-20MA,48,man
vis-RQ65,48,woman
vis-S16B,48,woman
vis-Q12E,48,man
vis-QSPK,48,man
vis-L00O,48,woman
vis-OECD,48,man
vis-4Z1D,48,man
vis-PSOX,48,man
vis-2H2C,48,man
vis-MSOE,48,woman
vis-8ELD,48,man
vis-5X4Y,48,man
vis-3ZQJ,48,woman
vis-2V58,48,woman
vis-GDL7,48,man
vis-4YRJ,48,woman
vis-QYNN,48,woman
vis-6MLK,48,woman
vis-J973,48,man
vis-LJLF,48,woman
vis-6U30,48,man
vis-3B6R,48,woman
vis-RRPU,48,man
vis-LD14,48,woman
vis-QUQP,48,man
vis-BHN0,48,woman
vis-M09A,48,woman
vis-BPMZ,48,woman
vis-BTS5,48,man
vis-FIQ0,48,man
vis-ORM7,48,woman
vis-AV47,48,man
vis-86QV,48,woman
vis-FK2B,48,man
vis-GSLY,48,man
vis-BIQN,48,man
vis-LYLT,48,woman
vis-PU1H,48,woman
vis-55MO,48,woman
vis-PT5J,48,woman
vis-02Q2,48,woman
vis-1LP4,48,woman
vis-R8NA,48,woman
vis-6CM4,48,man
vis-4EO1,48,man
vis-J83T,48,woman
vis-2B02,48,woman
vis-PM02,48,woman
vis-RVN3,49,woman
vis-N52D,49,woman
vis-KX72,49,woman
vis-9851,49,woman
vis-4OR5,49,woman
vis-KUJ9,49,man
vis-6I00,49,woman
vis-SB1J,49,man
vis-130M,49,man
vis-MQMU,49,man
vis-1P5Q,49,man
vis-MOQ4,49,man
vis-S636,49,woman
vis-2CRD,49,woman
vis-4M0S,49,woman
vis-M9ME,49,woman
vis-QR17,49,man
vis-LI49,49,man
vis-P0PF,49,man
vis-PP6R,49,woman
vis-QB43,49,man
vis-M9NR,49,woman
vis-5PQO,49,man
vis-J9NT,49,woman
vis-N311,49,woman
vis-6B6T,49,woman
vis-GH0N,49,man
vis-MO5X,49,man
vis-PD3B,49,woman
vis-35R8,49,man
vis-N22J,49,woman
vis-S2LS,49,man
vis-82B5,49,woman
vis-N836,49,woman
vis-56OZ,49,man
vis-07JR,49,man
vis-PTIJ,49,man
vis-RD39,49,woman
vis-3Q0O,49,man
vis-3K3U,49,man
vis-QIQK,49,woman
vis-Q06Y,49,woman
vis-BCOU,49,man
vis-3ALS,49,woman
vis-NEIU,49,woman
vis-AJ8B,49,woman
vis-1T1Q,49,woman
vis-NTS3,49,man
vis-6VIR,49,man
vis-49OW,49,man
vis-6LLU,49,man
vis-R669,49,woman
vis-3RMQ,49,woman
vis-HG0O,49,woman
vis-P4QD,49,man
vis-RGSB,49,woman
vis-DNQ3,49,man
vis-Q9IG,49,man
vis-HR1Q,49,man
vis-0SIF,49,man
vis-3239,49,man
vis-3WK4,49,woman
vis-7I71,49,woman
vis-HDP0,49,woman
vis-4TJG,49,man
vis-NK2I,49,woman
vis-QB50,49,man
vis-OFOX,49,man
vis-0MRO,49,man
vis-19IP,49,man
vis-QRM9,49,woman
vis-PPQS,49,woman
vis-QK5C,49,woman
vis-7318,49,man
vis-4G10,49,woman
vis-1IBQ,49,woman
vis-S5M8,49,man
vis-621E,49,woman
vis-2H1O,49,woman
vis-623E,49,woman
vis-1JMD,50,woman
vis-OHPC,50,woman
vis-0240,50,woman
vis-SF26,50,woman
vis-PS3T,50,woman
vis-Q9GD,50,woman
vis-O3RQ,50,man
vis-5FNV,50,woman
vis-RIA3,50,man
vis-OMNC,50,woman
vis-RR2B,50,man
vis-AY1J,50,woman
vis-MB27,50,woman
vis-294T,50,woman
vis-4E1G,50,man
vis-P72H,50,woman
vis-5N4Z,50,man
vis-0M2L,50,man
vis-RTLX,50,woman
vis-1Q1X,50,woman
vis-Q04P,50,woman
vis-N827,50,woman
vis-1G0E,50,woman
vis-4ENN,50,woman
vis-4U6V,50,woman
vis-0361,50,woman
vis-44QN,50,man
vis-NIP6,50,woman
vis-0C54,50,woman
vis-22OR,50,woman
vis-2YRV,50,man
vis-005N,50,man
vis-R9R8,50,woman
vis-1L11,50,woman
vis-JY3H,50,man
vis-QA5C,50,woman
vis-08RD,50,woman
vis-OO2K,50,woman
vis-M44G,50,man
vis-5HR9,50,woman
vis-O2MQ,50,man
vis-PZBK,50,woman
vis-LK1U,50,woman
vis-471V,50,woman
vis-MD3O,50,man
vis-IB7S,50,woman
vis-2E05,50,woman
vis-1VQ0,50,woman
vis-2S2B,50,woman
vis-SA2O,50,man
vis-O03P,50,woman
vis-2JNS,50,woman
vis-SCPX,50,man
vis-28J4,50,woman
vis-RAMI,50,woman
vis-R21I,50,woman
vis-QNPO,50,woman
vis-39MB,50,woman
vis-2GR1,50,woman
vis-8ON1,50,man
vis-20PY,50,man
vis-18ON,50,woman
vis-NO3C,50,woman
vis-4DQN,50,man
vis-RJ0C,50,woman
vis-4K06,50,man
vis-3CJ4,50,woman
vis-PDFJ,50,woman
vis-P52J,50,woman
vis-4J5C,50,woman
vis-KX1J,50,woman
vis-37IT,50,woman
vis-3WOP,50,woman
vis-IO0J,50,woman
vis-2S6G,50,man
vis-0U6Y,50,woman
vis-67D1,50,woman
vis-64M6,50,woman
vis-5QRU,50,woman
vis-0LN4,50,woman
vis-F34Z,50,woman
vis-3G4G,50,woman
vis-OW69,51,man
vis-MSBE,51,man
vis-OY3B,51,woman
vis-5LR8,51,woman
vis-2IFK,51,man
vis-O4P1,51,woman
vis-K5NU,51,woman
vis-O2CR,51,woman
vis-6D2T,51,woman
vis-081H,51,man
vis-P01M,51,man
vis-6FP2,51,woman
vis-MEMX,51,woman
vis-RP99,51,woman
vis-PQ3N,51,man
vis-5GKQ,51,man
vis-002A,51,man
vis-6PR3,51,woman
vis-BT39,51,woman
vis-0WP1,51,man
vis-3E24,51,woman
vis-44J7,51,man
vis-0UNC,51,woman
vis-NS0P,51,woman
vis-50HJ,51,man
vis-PF00,51,man
vis-OJ52,51,woman
vis-ME26,51,man
vis-7W1H,51,man
vis-MFMT,51,woman
vis-IC2N,51,woman
vis-3VS2,51,woman
vis-473Q,51,woman
vis-2MSD,51,woman
vis-02O1,51,woman
vis-4N5S,51,man
vis-4EO9,51,woman
vis-KY2W,51,man
vis-PW85,51,woman
vis-LF9Y,51,woman
vis-LCS4,51,woman
vis-PNO8,51,woman
vis-2O10,51,woman
vis-4S9Y,51,woman
vis-Q92G,51,woman
vis-35NR,51,man
vis-RVS7,51,woman
vis-R129,51,woman
vis-5Y74,51,woman
vis-73MP,51,woman
vis-5S6F,51,man
vis-OX07,51,man
vis-6PNR,51,woman
vis-2G7S,51,woman
vis-1NQK,51,man
vis-3P0J,51,man
vis-0AM6,51,man
vis-JNPG,51,man
vis-IPQD,51,man
vis-M74U,51,woman
vis-JMK8,51,man
vis-1N9Z,51,woman
vis-QT0H,51,man
vis-ON2S,51,woman
vis-0M0D,51,woman
vis-ALS8,51,man
vis-P1P9,51,woman
vis-0PQ6,51,woman
vis-18QU,51,woman